"Brazil","CR231179","DOther",0.065443
"Brazil","CR231180","DOther",0.039139
"Brazil","CR231182","DOther",0.050225
"Brazil","CR231183","DOther",0.132322
"Brazil","CR231184","DOther",0.147590
"Brazil","CR231187","DBeef",0.824736
"Brazil","CR231188","DOther",0.658927
"Brazil","CR231189","DOther",1.007390
"Brazil","CR231192","DOther",0.001770
"Brazil","CR231200","DBeef",30.270607
"Brazil","CR231204","DBeef",0.829858
"Brazil","CR232179","DOther",0.116529
"Brazil","CR232180","DOther",0.152679
"Brazil","CR232182","DOther",0.132322
"Brazil","CR232184","DOther",0.132322
"Brazil","CR232188","DOther",2.265415
"Brazil","CR232190","DOther",0.104846
"Brazil","CR232201","DBeef",23.365697
"Brazil","CR232202","DBeef",14.424073
"Brazil","CR233179","DOther",0.023920
"Brazil","CR233180","DOther",0.013920
"Brazil","CR233181","DOther",0.039788
"Brazil","CR233182","DOther",0.127232
"Brazil","CR233183","DOther",0.003920
"Brazil","CR233185","DOther",0.152679
"Brazil","CR233186","DOther",0.585270
"Brazil","CR233187","DOther",1.160834
"Brazil","CR233188","DOther",0.710939
"Brazil","CR233189","DOther",1.071268
"Brazil","CR233190","DOther",0.324731
"Brazil","CR233191","DOther",0.123345
"Brazil","CR233204","DBeef",42.309584
"Brazil","CR234180","DOther",0.123920
"Brazil","CR234183","DOther",0.083920
"Brazil","CR234186","DOther",0.071835
"Brazil","CR234187","DOther",0.656519
"Brazil","CR234188","DBeef",42.047791
"Brazil","CR234190","DOther",0.413889
"Brazil","CR234194","DBeef",6.508496
"Brazil","CR234204","DBeef",23.861596
"Brazil","CR234205","DBeef",81.804181
"Brazil","CR234206","DBeef",3.817899
"Brazil","CR235173","DBeef",0.637443
"Brazil","CR235179","DBeef",6.111991
"Brazil","CR235180","DOther",0.132322
"Brazil","CR235181","DOther",0.083920
"Brazil","CR235186","DOther",0.229018
"Brazil","CR235187","DBeef",69.055989
"Brazil","CR235188","DBeef",33.208291
"Brazil","CR235189","DBeef",34.846459
"Brazil","CR235194","DBeef",2.317976
"Brazil","CR235197","DBeef",41.090863
"Brazil","CR235199","DBeef",14.377656
"Brazil","CR235200","DBeef",91.750492
"Brazil","CR235202","DBeef",0.883517
"Brazil","CR235204","DBeef",47.440182
"Brazil","CR235205","DBeef",10.095683
"Brazil","CR236178","DBeef",11.005911
"Brazil","CR236180","DOther",0.037520
"Brazil","CR236181","DBeef",3.300002
"Brazil","CR236182","DBeef",8.235708
"Brazil","CR236183","DBeef",12.373275
"Brazil","CR236186","DOther",0.510915
"Brazil","CR236187","DOther",0.867472
"Brazil","CR236188","DBeef",44.250736
"Brazil","CR236189","DBeef",17.253835
"Brazil","CR236190","DBeef",3.953120
"Brazil","CR236191","DOther",0.031414
"Brazil","CR236194","DOther",0.576852
"Brazil","CR236198","DOther",1.765096
"Brazil","CR236204","DBeef",11.887588
"Brazil","CR236206","DBeef",112.311844
"Brazil","CR237173","DBeef",9.879797
"Brazil","CR237174","DBeef",88.697176
"Brazil","CR237175","DBeef",65.892915
"Brazil","CR237178","DBeef",0.960115
"Brazil","CR237183","DBeef",28.057241
"Brazil","CR237185","DOther",0.203572
"Brazil","CR237187","DBeef",31.470526
"Brazil","CR237188","DBeef",82.523544
"Brazil","CR237189","DBeef",6.466936
"Brazil","CR237193","DBeef",14.599213
"Brazil","CR237199","DBeef",110.710658
"Brazil","CR237205","DBeef",46.859719
"Brazil","CR237206","DBeef",8.800549
"Brazil","CR237207","DBeef",14.435857
"Brazil","CR238174","DBeef",138.574281
"Brazil","CR238182","DOther",0.263028
"Brazil","CR238183","DOther",0.203572
"Brazil","CR238186","DBeef",4.370588
"Brazil","CR238187","DBeef",102.681432
"Brazil","CR238188","DBeef",107.339808
"Brazil","CR238191","DOther",0.854295
"Brazil","CR238193","DOther",0.871286
"Brazil","CR238194","DOther",1.640209
"Brazil","CR238195","DOther",0.140012
"Brazil","CR238198","DBeef",38.999940
"Brazil","CR238202","DBeef",27.015126
"Brazil","CR238205","DBeef",89.810399
"Brazil","CR238207","DBeef",45.282844
"Brazil","CR238208","DBeef",6.327972
"Brazil","CR239174","DBeef",57.037602
"Brazil","CR239175","DBeef",152.531282
"Brazil","CR239176","DBeef",57.749374
"Brazil","CR239177","DBeef",140.848685
"Brazil","CR239178","DBeef",19.831683
"Brazil","CR239179","DBeef",80.196130
"Brazil","CR239180","DBeef",8.547025
"Brazil","CR239181","DBeef",9.132534
"Brazil","CR239188","DBeef",99.850629
"Brazil","CR239191","DBeef",13.250961
"Brazil","CR239192","DBeef",52.333335
"Brazil","CR239193","DOther",1.628876
"Brazil","CR239194","DOther",0.573794
"Brazil","CR239195","DBeef",5.045019
"Brazil","CR239198","DBeef",7.633553
"Brazil","CR239199","DBeef",142.225027
"Brazil","CR239200","DBeef",135.739449
"Brazil","CR239201","DBeef",113.634017
"Brazil","CR239204","DBeef",59.710061
"Brazil","CR239211","DBeef",1.823899
"Brazil","CR240170","DBeef",12.948446
"Brazil","CR240174","DOther",0.711154
"Brazil","CR240175","DBeef",161.558251
"Brazil","CR240176","DBeef",140.120018
"Brazil","CR240177","DBeef",56.141985
"Brazil","CR240178","DBeef",23.848456
"Brazil","CR240179","DBeef",31.214413
"Brazil","CR240179","DOther",0.001501
"Brazil","CR240180","DBeef",96.314223
"Brazil","CR240182","DBeef",50.458264
"Brazil","CR240189","DBeef",5.676978
"Brazil","CR240191","DBeef",71.590009
"Brazil","CR240192","DBeef",17.520017
"Brazil","CR240193","DBeef",26.197757
"Brazil","CR240194","DBeef",56.189945
"Brazil","CR240197","DOther",0.395721
"Brazil","CR240198","DBeef",0.780196
"Brazil","CR240199","DBeef",98.331170
"Brazil","CR240200","DOther",0.130471
"Brazil","CR240201","DBeef",183.684287
"Brazil","CR240202","DBeef",1.443659
"Brazil","CR240205","DBeef",38.548819
"Brazil","CR240206","DBeef",93.224577
"Brazil","CR240207","DBeef",53.052054
"Brazil","CR240208","DBeef",131.148184
"Brazil","CR240210","DBeef",0.308037
"Brazil","CR240211","DBeef",80.753491
"Brazil","CR240212","DBeef",76.606267
"Brazil","CR240213","DBeef",12.396878
"Brazil","CR241173","DOther",0.780346
"Brazil","CR241174","DBeef",22.292728
"Brazil","CR241175","DOther",0.031774
"Brazil","CR241176","DBeef",20.172906
"Brazil","CR241177","DBeef",35.996171
"Brazil","CR241178","DBeef",76.396708
"Brazil","CR241179","DBeef",93.220256
"Brazil","CR241179","DOther",0.000315
"Brazil","CR241180","DOther",0.125062
"Brazil","CR241181","DOther",0.329207
"Brazil","CR241182","DBeef",12.058546
"Brazil","CR241184","DBeef",20.071863
"Brazil","CR241188","DBeef",36.501225
"Brazil","CR241189","DBeef",68.120294
"Brazil","CR241191","DBeef",1.781000
"Brazil","CR241192","DOther",1.244211
"Brazil","CR241193","DOther",1.300539
"Brazil","CR241194","DBeef",156.034083
"Brazil","CR241196","DOther",0.276176
"Brazil","CR241197","DOther",0.300368
"Brazil","CR241198","DOther",0.174603
"Brazil","CR241199","DBeef",10.315233
"Brazil","CR241200","DBeef",44.843876
"Brazil","CR241201","DBeef",38.055487
"Brazil","CR241202","DBeef",0.811579
"Brazil","CR241205","DBeef",20.856962
"Brazil","CR241206","DSoy",2.331396
"Brazil","CR241206","DBeef",8.828199
"Brazil","CR241207","DSoy",0.769903
"Brazil","CR241207","DBeef",23.948308
"Brazil","CR241207","DOther",0.000590
"Brazil","CR241208","DBeef",51.237825
"Brazil","CR241209","DBeef",30.544359
"Brazil","CR241210","DBeef",126.268532
"Brazil","CR241211","DBeef",153.680093
"Brazil","CR241212","DBeef",132.524087
"Brazil","CR241213","DBeef",50.006034
"Brazil","CR242178","DBeef",4.356414
"Brazil","CR242179","DBeef",26.898920
"Brazil","CR242182","DOther",0.856731
"Brazil","CR242183","DOther",0.512507
"Brazil","CR242184","DBeef",63.736148
"Brazil","CR242185","DBeef",70.501205
"Brazil","CR242186","DBeef",184.186387
"Brazil","CR242187","DBeef",42.767151
"Brazil","CR242188","DBeef",137.611847
"Brazil","CR242191","DOther",0.413722
"Brazil","CR242192","DOther",0.473305
"Brazil","CR242193","DOther",0.733338
"Brazil","CR242194","DBeef",105.804792
"Brazil","CR242195","DBeef",35.010431
"Brazil","CR242196","DOther",0.317037
"Brazil","CR242198","DBeef",1.748035
"Brazil","CR242199","DBeef",6.798024
"Brazil","CR242200","DBeef",122.102953
"Brazil","CR242201","DBeef",89.370591
"Brazil","CR242202","DBeef",108.376194
"Brazil","CR242203","DBeef",32.386024
"Brazil","CR242204","DBeef",40.577334
"Brazil","CR242206","DSoy",1.709332
"Brazil","CR242206","DOther",0.003834
"Brazil","CR242207","DSoy",10.369852
"Brazil","CR242207","DOther",0.359607
"Brazil","CR242209","DBeef",11.393983
"Brazil","CR242210","DBeef",111.664292
"Brazil","CR242211","DBeef",14.559928
"Brazil","CR242212","DBeef",28.053303
"Brazil","CR242213","DBeef",23.130570
"Brazil","CR243178","DBeef",10.825083
"Brazil","CR243179","DBeef",7.482204
"Brazil","CR243182","DBeef",3.553878
"Brazil","CR243183","DOther",0.504624
"Brazil","CR243184","DBeef",25.321587
"Brazil","CR243184","DOther",0.324398
"Brazil","CR243185","DBeef",26.962803
"Brazil","CR243186","DBeef",74.608510
"Brazil","CR243187","DBeef",63.146273
"Brazil","CR243188","DBeef",93.308365
"Brazil","CR243189","DOther",5.553776
"Brazil","CR243190","DOther",0.468215
"Brazil","CR243191","DOther",0.418707
"Brazil","CR243192","DOther",0.384377
"Brazil","CR243193","DOther",0.193926
"Brazil","CR243194","DBeef",45.436003
"Brazil","CR243199","DBeef",175.711133
"Brazil","CR243200","DBeef",139.957894
"Brazil","CR243201","DBeef",158.728185
"Brazil","CR243202","DBeef",115.412784
"Brazil","CR243203","DBeef",5.216028
"Brazil","CR243204","DBeef",121.451878
"Brazil","CR243206","DSoy",27.999630
"Brazil","CR243206","DOther",1.978680
"Brazil","CR243210","DSoy",5.125295
"Brazil","CR243210","DOther",0.092556
"Brazil","CR243213","DBeef",44.365699
"Brazil","CR244183","DBeef",1.957373
"Brazil","CR244184","DBeef",12.728340
"Brazil","CR244185","DBeef",85.533172
"Brazil","CR244186","DBeef",120.302149
"Brazil","CR244187","DBeef",111.026068
"Brazil","CR244188","DBeef",105.412982
"Brazil","CR244189","DOther",7.489784
"Brazil","CR244190","DBeef",43.952394
"Brazil","CR244191","DBeef",0.978080
"Brazil","CR244192","DBeef",8.600836
"Brazil","CR244192","DOther",0.252835
"Brazil","CR244193","DBeef",24.408612
"Brazil","CR244194","DOther",0.009905
"Brazil","CR244199","DBeef",128.423296
"Brazil","CR244200","DBeef",163.035858
"Brazil","CR244202","DBeef",31.137243
"Brazil","CR244203","DBeef",0.186888
"Brazil","CR244204","DBeef",12.904527
"Brazil","CR244205","DBeef",16.651511
"Brazil","CR244206","DBeef",129.499347
"Brazil","CR244210","DSoy",2.085807
"Brazil","CR244210","DBeef",196.397158
"Brazil","CR244213","DBeef",80.749451
"Brazil","CR244214","DBeef",91.476668
"Brazil","CR244215","DBeef",18.409526
"Brazil","CR244220","DBeef",12.792885
"Brazil","CR245184","DBeef",2.035189
"Brazil","CR245185","DBeef",32.807631
"Brazil","CR245186","DBeef",123.907999
"Brazil","CR245187","DBeef",175.987646
"Brazil","CR245189","DBeef",0.462299
"Brazil","CR245190","DBeef",3.567712
"Brazil","CR245191","DBeef",2.063308
"Brazil","CR245192","DBeef",27.148387
"Brazil","CR245193","DBeef",26.152231
"Brazil","CR245198","DOther",0.002089
"Brazil","CR245199","DBeef",113.707651
"Brazil","CR245201","DBeef",36.635370
"Brazil","CR245202","DBeef",129.488274
"Brazil","CR245203","DBeef",35.172454
"Brazil","CR245204","DBeef",84.194886
"Brazil","CR245205","DBeef",151.380214
"Brazil","CR245206","DBeef",88.148284
"Brazil","CR245209","DSoy",1.037692
"Brazil","CR245209","DBeef",1.960285
"Brazil","CR245210","DBeef",38.554400
"Brazil","CR245211","DBeef",111.393083
"Brazil","CR245212","DBeef",27.809482
"Brazil","CR245213","DBeef",102.031846
"Brazil","CR245214","DBeef",133.293863
"Brazil","CR245215","DBeef",18.029141
"Brazil","CR245216","DBeef",24.328126
"Brazil","CR245218","DBeef",68.800045
"Brazil","CR245219","DBeef",64.824235
"Brazil","CR245220","DBeef",187.226625
"Brazil","CR245221","DBeef",7.924048
"Brazil","CR245222","DSoy",0.054475
"Brazil","CR245241","DBeef",0.563459
"Brazil","CR246184","DBeef",31.407954
"Brazil","CR246185","DBeef",66.710540
"Brazil","CR246186","DBeef",97.337457
"Brazil","CR246187","DBeef",131.364807
"Brazil","CR246188","DBeef",37.730897
"Brazil","CR246189","DOther",1.151380
"Brazil","CR246191","DBeef",16.753147
"Brazil","CR246192","DBeef",17.686766
"Brazil","CR246199","DBeef",64.619375
"Brazil","CR246200","DBeef",124.502923
"Brazil","CR246201","DBeef",158.720568
"Brazil","CR246202","DBeef",150.384076
"Brazil","CR246204","DBeef",119.273424
"Brazil","CR246205","DBeef",165.325418
"Brazil","CR246206","DBeef",147.997295
"Brazil","CR246207","DBeef",96.197069
"Brazil","CR246211","DBeef",41.103963
"Brazil","CR246212","DBeef",71.024240
"Brazil","CR246213","DBeef",128.869219
"Brazil","CR246214","DBeef",85.607829
"Brazil","CR246215","DBeef",17.005694
"Brazil","CR246216","DBeef",41.274970
"Brazil","CR246218","DBeef",56.511371
"Brazil","CR246219","DBeef",196.785683
"Brazil","CR246220","DBeef",186.741366
"Brazil","CR246224","DBeef",6.241219
"Brazil","CR246225","DBeef",20.494360
"Brazil","CR246241","DBeef",8.320708
"Brazil","CR247184","DBeef",29.517737
"Brazil","CR247186","DBeef",48.128276
"Brazil","CR247187","DBeef",85.286817
"Brazil","CR247194","DBeef",81.131362
"Brazil","CR247197","DBeef",3.138094
"Brazil","CR247198","DBeef",2.097197
"Brazil","CR247199","DBeef",167.833053
"Brazil","CR247200","DBeef",71.480763
"Brazil","CR247201","DBeef",107.600520
"Brazil","CR247202","DBeef",214.005590
"Brazil","CR247203","DBeef",54.249500
"Brazil","CR247204","DBeef",89.618237
"Brazil","CR247205","DOther",3.005383
"Brazil","CR247206","DBeef",13.973437
"Brazil","CR247210","DBeef",0.970952
"Brazil","CR247211","DSoy",0.009023
"Brazil","CR247211","DBeef",68.064529
"Brazil","CR247212","DBeef",72.081659
"Brazil","CR247213","DBeef",116.091485
"Brazil","CR247214","DBeef",5.273427
"Brazil","CR247215","DBeef",98.722089
"Brazil","CR247216","DBeef",217.637242
"Brazil","CR247217","DBeef",238.091743
"Brazil","CR247218","DBeef",200.542837
"Brazil","CR247219","DBeef",194.522424
"Brazil","CR247220","DBeef",95.641559
"Brazil","CR247221","DBeef",38.635657
"Brazil","CR247222","DSoy",1.967103
"Brazil","CR247223","DSoy",0.033045
"Brazil","CR247223","DBeef",13.825614
"Brazil","CR247224","DBeef",92.244173
"Brazil","CR247225","DSoy",24.434802
"Brazil","CR247225","DBeef",2.654273
"Brazil","CR247225","DOther",0.024104
"Brazil","CR247239","DBeef",7.723346
"Brazil","CR247240","DBeef",12.093006
"Brazil","CR247241","DBeef",24.623828
"Brazil","CR248183","DBeef",70.647040
"Brazil","CR248184","DBeef",24.331398
"Brazil","CR248185","DBeef",57.508294
"Brazil","CR248188","DBeef",127.172219
"Brazil","CR248191","DBeef",28.090450
"Brazil","CR248193","DBeef",23.360251
"Brazil","CR248194","DBeef",65.187415
"Brazil","CR248197","DOther",0.763565
"Brazil","CR248198","DOther",0.109354
"Brazil","CR248199","DBeef",225.740721
"Brazil","CR248200","DBeef",51.956822
"Brazil","CR248201","DBeef",30.951310
"Brazil","CR248202","DBeef",111.720547
"Brazil","CR248202","DOther",0.005380
"Brazil","CR248203","DBeef",140.802999
"Brazil","CR248204","DBeef",110.823544
"Brazil","CR248205","DSoy",64.031659
"Brazil","CR248205","DBeef",68.316147
"Brazil","CR248208","DSoy",3.104327
"Brazil","CR248208","DBeef",50.146625
"Brazil","CR248209","DSoy",5.914603
"Brazil","CR248209","DBeef",68.950412
"Brazil","CR248210","DBeef",21.047281
"Brazil","CR248211","DBeef",21.388602
"Brazil","CR248212","DBeef",17.102520
"Brazil","CR248213","DBeef",187.840764
"Brazil","CR248214","DBeef",85.264992
"Brazil","CR248215","DBeef",189.226186
"Brazil","CR248216","DBeef",197.928800
"Brazil","CR248217","DBeef",125.227470
"Brazil","CR248218","DBeef",177.551508
"Brazil","CR248219","DBeef",194.911603
"Brazil","CR248220","DBeef",173.721934
"Brazil","CR248222","DBeef",65.679305
"Brazil","CR248238","DSoy",3.043806
"Brazil","CR248239","DBeef",24.880123
"Brazil","CR248240","DBeef",74.477498
"Brazil","CR248241","DBeef",83.883216
"Brazil","CR248242","DBeef",20.783830
"Brazil","CR249183","DBeef",119.149796
"Brazil","CR249185","DBeef",123.027410
"Brazil","CR249186","DBeef",73.543622
"Brazil","CR249187","DOther",0.333762
"Brazil","CR249188","DBeef",1.965149
"Brazil","CR249190","DBeef",80.092738
"Brazil","CR249191","DBeef",10.632671
"Brazil","CR249193","DBeef",84.518543
"Brazil","CR249194","DBeef",20.395452
"Brazil","CR249195","DBeef",28.267426
"Brazil","CR249196","DBeef",3.429057
"Brazil","CR249197","DBeef",7.357206
"Brazil","CR249198","DOther",0.339048
"Brazil","CR249199","DBeef",117.166655
"Brazil","CR249200","DBeef",108.330441
"Brazil","CR249203","DBeef",155.860392
"Brazil","CR249204","DBeef",37.977116
"Brazil","CR249207","DBeef",1.402192
"Brazil","CR249208","DSoy",4.301957
"Brazil","CR249208","DBeef",35.084534
"Brazil","CR249209","DBeef",14.668373
"Brazil","CR249210","DBeef",18.854360
"Brazil","CR249213","DBeef",167.723710
"Brazil","CR249215","DBeef",2.133986
"Brazil","CR249216","DBeef",107.063039
"Brazil","CR249217","DBeef",159.499961
"Brazil","CR249218","DBeef",201.346077
"Brazil","CR249219","DBeef",201.924884
"Brazil","CR249237","DBeef",7.056578
"Brazil","CR249238","DBeef",24.623060
"Brazil","CR249239","DBeef",84.414017
"Brazil","CR249240","DBeef",81.928683
"Brazil","CR249243","DBeef",0.623457
"Brazil","CR250183","DBeef",100.257514
"Brazil","CR250184","DBeef",45.387910
"Brazil","CR250185","DBeef",34.893883
"Brazil","CR250189","DBeef",62.707474
"Brazil","CR250190","DBeef",1.610110
"Brazil","CR250193","DBeef",1.368838
"Brazil","CR250194","DBeef",22.024648
"Brazil","CR250198","DBeef",171.498926
"Brazil","CR250199","DOther",0.384021
"Brazil","CR250200","DBeef",43.487963
"Brazil","CR250203","DBeef",150.980752
"Brazil","CR250204","DBeef",123.345173
"Brazil","CR250205","DBeef",138.588780
"Brazil","CR250206","DBeef",113.173830
"Brazil","CR250207","DSoy",14.074258
"Brazil","CR250207","DBeef",54.790352
"Brazil","CR250208","DSoy",19.266509
"Brazil","CR250208","DBeef",115.898911
"Brazil","CR250211","DSoy",7.082486
"Brazil","CR250213","DSoy",0.054140
"Brazil","CR250213","DBeef",0.002132
"Brazil","CR250214","DBeef",16.080834
"Brazil","CR250215","DSoy",42.619230
"Brazil","CR250215","DBeef",29.636514
"Brazil","CR250216","DSoy",18.620028
"Brazil","CR250216","DBeef",48.298700
"Brazil","CR250217","DBeef",49.649511
"Brazil","CR250218","DSoy",0.086829
"Brazil","CR250218","DBeef",54.778152
"Brazil","CR250238","DSoy",53.842405
"Brazil","CR250238","DOther",8.296016
"Brazil","CR250239","DBeef",109.837787
"Brazil","CR250240","DBeef",28.354551
"Brazil","CR250241","DBeef",98.290439
"Brazil","CR250242","DBeef",82.006242
"Brazil","CR250243","DSoy",0.292475
"Brazil","CR250243","DBeef",49.320655
"Brazil","CR251184","DBeef",26.699394
"Brazil","CR251185","DBeef",31.031827
"Brazil","CR251186","DBeef",44.121606
"Brazil","CR251187","DBeef",123.671584
"Brazil","CR251188","DBeef",50.288272
"Brazil","CR251189","DBeef",40.427016
"Brazil","CR251197","DBeef",16.980097
"Brazil","CR251200","DBeef",69.556417
"Brazil","CR251201","DBeef",66.826273
"Brazil","CR251202","DBeef",8.920192
"Brazil","CR251203","DBeef",79.817479
"Brazil","CR251206","DBeef",3.170238
"Brazil","CR251206","DOther",0.449501
"Brazil","CR251208","DBeef",159.382507
"Brazil","CR251209","DBeef",78.470947
"Brazil","CR251210","DSoy",2.382813
"Brazil","CR251210","DBeef",52.973925
"Brazil","CR251213","DSoy",2.075383
"Brazil","CR251213","DBeef",0.169305
"Brazil","CR251216","DBeef",27.087272
"Brazil","CR251240","DBeef",89.799935
"Brazil","CR251241","DBeef",94.773451
"Brazil","CR251242","DBeef",13.900421
"Brazil","CR251243","DBeef",85.341085
"Brazil","CR252183","DBeef",46.375072
"Brazil","CR252185","DBeef",7.181117
"Brazil","CR252186","DBeef",165.441747
"Brazil","CR252187","DBeef",4.248016
"Brazil","CR252189","DBeef",13.255527
"Brazil","CR252200","DBeef",101.092894
"Brazil","CR252200","DOther",1.867805
"Brazil","CR252202","DBeef",140.243911
"Brazil","CR252203","DBeef",48.624740
"Brazil","CR252204","DBeef",160.177753
"Brazil","CR252205","DBeef",68.495339
"Brazil","CR252206","DBeef",134.806756
"Brazil","CR252207","DBeef",150.365215
"Brazil","CR252208","DSoy",0.054140
"Brazil","CR252208","DBeef",173.532074
"Brazil","CR252209","DBeef",4.923293
"Brazil","CR252210","DBeef",18.118195
"Brazil","CR252212","DBeef",6.572663
"Brazil","CR252214","DBeef",0.833428
"Brazil","CR252216","DSoy",0.009023
"Brazil","CR252216","DBeef",22.333526
"Brazil","CR252218","DBeef",8.825571
"Brazil","CR252240","DBeef",65.951338
"Brazil","CR252242","DSoy",8.052473
"Brazil","CR252242","DBeef",88.319435
"Brazil","CR252243","DSoy",0.784848
"Brazil","CR252243","DBeef",61.230045
"Brazil","CR252244","DBeef",28.989173
"Brazil","CR253183","DBeef",43.266353
"Brazil","CR253184","DBeef",101.332916
"Brazil","CR253185","DBeef",102.972575
"Brazil","CR253186","DBeef",10.056250
"Brazil","CR253187","DBeef",42.915155
"Brazil","CR253200","DBeef",126.749255
"Brazil","CR253201","DBeef",33.983588
"Brazil","CR253202","DBeef",148.369922
"Brazil","CR253203","DBeef",38.134035
"Brazil","CR253207","DBeef",63.219558
"Brazil","CR253208","DBeef",65.426387
"Brazil","CR253209","DBeef",47.383574
"Brazil","CR253222","DBeef",15.641353
"Brazil","CR253244","DBeef",93.664666
"Brazil","CR253245","DBeef",50.382489
"Brazil","CR254184","DBeef",133.004259
"Brazil","CR254187","DBeef",106.461180
"Brazil","CR254188","DBeef",7.191503
"Brazil","CR254201","DBeef",2.488341
"Brazil","CR254207","DBeef",49.987305
"Brazil","CR254208","DBeef",49.978093
"Brazil","CR254209","DBeef",47.386623
"Brazil","CR254210","DSoy",0.220631
"Brazil","CR254210","DBeef",36.018082
"Brazil","CR254217","DSoy",20.266571
"Brazil","CR255184","DBeef",1.310768
"Brazil","CR255186","DBeef",111.767868
"Brazil","CR255199","DOther",2.563201
"Brazil","CR255201","DBeef",50.458546
"Brazil","CR255203","DBeef",61.284555
"Brazil","CR255204","DBeef",179.149596
"Brazil","CR255205","DBeef",83.921671
"Brazil","CR255207","DBeef",56.726660
"Brazil","CR255208","DBeef",14.390970
"Brazil","CR255214","DSoy",13.426829
"Brazil","CR255222","DBeef",53.828714
"Brazil","CR256183","DBeef",107.105932
"Brazil","CR256184","DBeef",48.165859
"Brazil","CR256186","DBeef",35.396468
"Brazil","CR256188","DBeef",50.740086
"Brazil","CR256200","DBeef",158.312133
"Brazil","CR256201","DBeef",123.593518
"Brazil","CR256202","DBeef",47.815400
"Brazil","CR256203","DBeef",91.812744
"Brazil","CR256204","DBeef",184.822627
"Brazil","CR256205","DBeef",48.555793
"Brazil","CR256206","DBeef",85.612030
"Brazil","CR256207","DBeef",32.860377
"Brazil","CR256217","DBeef",31.887347
"Brazil","CR256222","DSoy",0.012350
"Brazil","CR256222","DOther",3.968033
"Brazil","CR256223","DSoy",0.166212
"Brazil","CR256223","DBeef",22.208776
"Brazil","CR256242","DBeef",25.139859
"Brazil","CR256246","DBeef",2.992940
"Brazil","CR257176","DBeef",3.515752
"Brazil","CR257182","DBeef",5.806927
"Brazil","CR257183","DBeef",36.302495
"Brazil","CR257184","DBeef",23.197831
"Brazil","CR257185","DBeef",64.557903
"Brazil","CR257186","DBeef",109.468801
"Brazil","CR257188","DBeef",5.144871
"Brazil","CR257192","DBeef",0.876564
"Brazil","CR257198","DBeef",126.612855
"Brazil","CR257199","DBeef",104.062990
"Brazil","CR257200","DBeef",144.844750
"Brazil","CR257202","DBeef",101.550337
"Brazil","CR257203","DBeef",75.330324
"Brazil","CR257204","DBeef",3.285815
"Brazil","CR257206","DBeef",70.969410
"Brazil","CR257209","DBeef",45.065241
"Brazil","CR257210","DBeef",140.474620
"Brazil","CR257211","DBeef",6.837576
"Brazil","CR257212","DSoy",0.000904
"Brazil","CR257213","DSoy",0.174510
"Brazil","CR257214","DSoy",81.622125
"Brazil","CR257215","DBeef",47.277511
"Brazil","CR257244","DBeef",2.837182
"Brazil","CR258183","DBeef",1.071800
"Brazil","CR258184","DBeef",53.540004
"Brazil","CR258185","DBeef",18.952428
"Brazil","CR258186","DBeef",4.796951
"Brazil","CR258192","DBeef",75.120259
"Brazil","CR258197","DBeef",3.273931
"Brazil","CR258198","DBeef",207.485880
"Brazil","CR258199","DBeef",99.344143
"Brazil","CR258200","DBeef",107.568940
"Brazil","CR258201","DBeef",19.348297
"Brazil","CR258202","DSoy",6.157401
"Brazil","CR258202","DBeef",58.082939
"Brazil","CR258203","DBeef",86.684618
"Brazil","CR258204","DBeef",133.947502
"Brazil","CR258205","DBeef",154.650394
"Brazil","CR258206","DBeef",155.924812
"Brazil","CR258207","DSoy",0.023959
"Brazil","CR258207","DBeef",96.112956
"Brazil","CR258208","DBeef",130.441808
"Brazil","CR258209","DBeef",95.008575
"Brazil","CR258210","DBeef",27.066143
"Brazil","CR258212","DBeef",31.221485
"Brazil","CR258213","DBeef",25.592417
"Brazil","CR258214","DSoy",5.888833
"Brazil","CR258217","DSoy",22.531993
"Brazil","CR258217","DBeef",0.971177
"Brazil","CR259183","DBeef",0.054427
"Brazil","CR259184","DBeef",98.332200
"Brazil","CR259185","DBeef",90.193141
"Brazil","CR259186","DBeef",30.973393
"Brazil","CR259187","DBeef",25.815024
"Brazil","CR259197","DBeef",45.779681
"Brazil","CR259200","DBeef",54.940852
"Brazil","CR259201","DBeef",104.174018
"Brazil","CR259202","DBeef",119.470397
"Brazil","CR259203","DBeef",38.507608
"Brazil","CR259204","DBeef",47.680512
"Brazil","CR259205","DBeef",1.580516
"Brazil","CR259206","DBeef",36.694756
"Brazil","CR259207","DBeef",14.865972
"Brazil","CR259208","DBeef",14.430606
"Brazil","CR259215","DBeef",0.968510
"Brazil","CR259217","DSoy",24.945477
"Brazil","CR260178","DBeef",10.190388
"Brazil","CR260179","DBeef",56.673652
"Brazil","CR260180","DBeef",37.821548
"Brazil","CR260185","DBeef",75.566221
"Brazil","CR260186","DBeef",44.955292
"Brazil","CR260187","DBeef",3.890224
"Brazil","CR260200","DBeef",68.609227
"Brazil","CR260201","DSoy",0.227086
"Brazil","CR260201","DBeef",7.303363
"Brazil","CR260205","DSoy",6.456938
"Brazil","CR260206","DBeef",29.725767
"Brazil","CR260211","DBeef",67.100054
"Brazil","CR260217","DSoy",3.943229
"Brazil","CR260219","DSoy",0.575278
"Brazil","CR260219","DOther",19.634642
"Brazil","CR261178","DBeef",1.607023
"Brazil","CR261180","DBeef",1.601019
"Brazil","CR261185","DBeef",0.297283
"Brazil","CR261187","DBeef",1.195629
"Brazil","CR261192","DBeef",50.104602
"Brazil","CR261196","DBeef",52.858019
"Brazil","CR261197","DBeef",91.920318
"Brazil","CR261198","DBeef",84.738861
"Brazil","CR261199","DBeef",35.512546
"Brazil","CR261201","DBeef",25.617924
"Brazil","CR261202","DSoy",5.723871
"Brazil","CR261202","DBeef",161.609520
"Brazil","CR261203","DBeef",219.374763
"Brazil","CR261204","DSoy",10.114612
"Brazil","CR261204","DBeef",54.683689
"Brazil","CR261205","DSoy",5.179892
"Brazil","CR261205","DBeef",83.144752
"Brazil","CR261206","DBeef",63.682776
"Brazil","CR261221","DOther",11.450427
"Brazil","CR262181","DBeef",10.461377
"Brazil","CR262184","DBeef",9.207430
"Brazil","CR262197","DBeef",25.120619
"Brazil","CR262200","DBeef",40.465684
"Brazil","CR262201","DBeef",33.730693
"Brazil","CR262202","DSoy",0.850609
"Brazil","CR262202","DBeef",145.657093
"Brazil","CR262203","DBeef",79.490644
"Brazil","CR262204","DBeef",11.326537
"Brazil","CR262205","DSoy",5.471120
"Brazil","CR262205","DBeef",2.151451
"Brazil","CR262206","DBeef",0.945623
"Brazil","CR262220","DBeef",15.454058
"Brazil","CR262227","DSoy",0.352161
"Brazil","CR262229","DSoy",2.829287
"Brazil","CR262229","DBeef",14.896175
"Brazil","CR263183","DBeef",7.705845
"Brazil","CR263199","DBeef",35.453146
"Brazil","CR263200","DBeef",7.043121
"Brazil","CR263202","DSoy",9.174854
"Brazil","CR263202","DBeef",12.844959
"Brazil","CR263202","DOther",0.008537
"Brazil","CR263203","DSoy",2.490393
"Brazil","CR263203","DBeef",58.012706
"Brazil","CR263205","DSoy",1.781619
"Brazil","CR263205","DBeef",41.053903
"Brazil","CR263206","DBeef",45.686146
"Brazil","CR263207","DBeef",12.142090
"Brazil","CR263208","DSoy",0.053905
"Brazil","CR263208","DBeef",26.112209
"Brazil","CR263209","DBeef",15.956757
"Brazil","CR264181","DBeef",5.929123
"Brazil","CR264190","DBeef",10.322834
"Brazil","CR264192","DBeef",36.856791
"Brazil","CR264195","DBeef",38.137330
"Brazil","CR264196","DBeef",72.927379
"Brazil","CR264197","DBeef",147.321732
"Brazil","CR264198","DSoy",0.773377
"Brazil","CR264198","DBeef",158.540306
"Brazil","CR264199","DBeef",15.813671
"Brazil","CR264200","DBeef",26.706421
"Brazil","CR264202","DSoy",8.760983
"Brazil","CR264202","DBeef",38.771222
"Brazil","CR264203","DSoy",25.664217
"Brazil","CR264203","DBeef",26.552312
"Brazil","CR264204","DSoy",9.712278
"Brazil","CR264204","DBeef",77.554781
"Brazil","CR264205","DBeef",102.567516
"Brazil","CR264206","DBeef",30.530421
"Brazil","CR264207","DBeef",5.385655
"Brazil","CR264208","DSoy",0.015317
"Brazil","CR264216","DSoy",8.725490
"Brazil","CR264219","DSoy",53.639802
"Brazil","CR265193","DBeef",4.128657
"Brazil","CR265194","DBeef",154.145487
"Brazil","CR265195","DSoy",2.609093
"Brazil","CR265195","DBeef",127.407093
"Brazil","CR265196","DBeef",207.939281
"Brazil","CR265197","DBeef",140.584491
"Brazil","CR265198","DSoy",1.595773
"Brazil","CR265198","DBeef",205.172953
"Brazil","CR265199","DSoy",158.683279
"Brazil","CR265199","DBeef",2.176942
"Brazil","CR265200","DBeef",202.747383
"Brazil","CR265201","DBeef",199.605406
"Brazil","CR265202","DSoy",13.770423
"Brazil","CR265202","DBeef",223.865746
"Brazil","CR265202","DOther",0.016783
"Brazil","CR265203","DSoy",10.069793
"Brazil","CR265203","DBeef",208.823260
"Brazil","CR265204","DSoy",4.005702
"Brazil","CR265204","DBeef",188.921187
"Brazil","CR265205","DBeef",211.566894
"Brazil","CR265206","DBeef",21.969431
"Brazil","CR265207","DBeef",8.306046
"Brazil","CR265210","DBeef",39.480091
"Brazil","CR266189","DBeef",56.296805
"Brazil","CR266194","DSoy",1.727965
"Brazil","CR266194","DBeef",53.153424
"Brazil","CR266195","DSoy",9.574181
"Brazil","CR266195","DBeef",79.654196
"Brazil","CR266196","DSoy",55.864775
"Brazil","CR266196","DBeef",179.600811
"Brazil","CR266197","DSoy",8.924278
"Brazil","CR266197","DBeef",94.609492
"Brazil","CR266198","DSoy",2.712557
"Brazil","CR266198","DBeef",91.440812
"Brazil","CR266199","DSoy",1.504076
"Brazil","CR266199","DBeef",57.479559
"Brazil","CR266200","DBeef",36.982889
"Brazil","CR266201","DBeef",40.820568
"Brazil","CR266202","DBeef",28.251320
"Brazil","CR266203","DSoy",3.061580
"Brazil","CR266203","DBeef",201.437414
"Brazil","CR266204","DSoy",7.254171
"Brazil","CR266204","DBeef",119.826097
"Brazil","CR266205","DBeef",77.171717
"Brazil","CR266206","DBeef",19.872505
"Brazil","CR266207","DBeef",65.693351
"Brazil","CR266208","DBeef",11.477190
"Brazil","CR266210","DSoy",0.018047
"Brazil","CR266216","DSoy",1.958079
"Brazil","CR266219","DSoy",32.942686
"Brazil","CR266220","DSoy",36.463142
"Brazil","CR266220","DBeef",8.050330
"Brazil","CR266221","DSoy",26.249780
"Brazil","CR266221","DBeef",22.867790
"Brazil","CR266223","DBeef",0.188165
"Brazil","CR267190","DBeef",41.073524
"Brazil","CR267193","DBeef",159.353147
"Brazil","CR267194","DBeef",146.115636
"Brazil","CR267195","DSoy",29.123245
"Brazil","CR267195","DBeef",115.780993
"Brazil","CR267196","DSoy",29.934926
"Brazil","CR267196","DBeef",148.516322
"Brazil","CR267197","DSoy",174.255720
"Brazil","CR267197","DOther",0.003633
"Brazil","CR267198","DSoy",7.485413
"Brazil","CR267198","DBeef",182.586030
"Brazil","CR267199","DSoy",26.755186
"Brazil","CR267199","DBeef",188.218428
"Brazil","CR267199","DOther",0.037685
"Brazil","CR267200","DSoy",0.763143
"Brazil","CR267200","DBeef",22.118344
"Brazil","CR267201","DBeef",0.263239
"Brazil","CR267203","DSoy",5.919538
"Brazil","CR267203","DBeef",70.781514
"Brazil","CR267204","DBeef",201.222975
"Brazil","CR267205","DSoy",18.700119
"Brazil","CR267205","DBeef",126.389528
"Brazil","CR267206","DSoy",0.733757
"Brazil","CR267206","DBeef",74.963084
"Brazil","CR267207","DBeef",13.017673
"Brazil","CR267211","DBeef",33.941999
"Brazil","CR267215","DSoy",0.322277
"Brazil","CR267219","DOther",53.890071
"Brazil","CR267220","DSoy",3.452048
"Brazil","CR267220","DBeef",4.688193
"Brazil","CR267220","DOther",41.939762
"Brazil","CR268185","DBeef",6.366599
"Brazil","CR268190","DOther",0.204198
"Brazil","CR268192","DBeef",112.578773
"Brazil","CR268193","DSoy",0.426519
"Brazil","CR268193","DBeef",179.328727
"Brazil","CR268194","DSoy",12.922354
"Brazil","CR268194","DBeef",92.787285
"Brazil","CR268195","DSoy",33.778615
"Brazil","CR268195","DBeef",123.618691
"Brazil","CR268196","DSoy",86.339560
"Brazil","CR268196","DBeef",72.508719
"Brazil","CR268197","DSoy",149.832837
"Brazil","CR268198","DSoy",2.238860
"Brazil","CR268198","DBeef",123.912010
"Brazil","CR268199","DSoy",15.961279
"Brazil","CR268199","DBeef",197.945836
"Brazil","CR268200","DSoy",156.191627
"Brazil","CR268200","DOther",0.483910
"Brazil","CR268201","DSoy",36.101115
"Brazil","CR268201","DOther",0.113746
"Brazil","CR268202","DBeef",35.715798
"Brazil","CR268203","DSoy",109.689578
"Brazil","CR268206","DBeef",97.531226
"Brazil","CR268210","DBeef",49.546182
"Brazil","CR268211","DBeef",58.780583
"Brazil","CR268212","DBeef",67.949576
"Brazil","CR268217","DSoy",1.141155
"Brazil","CR269184","DBeef",78.890904
"Brazil","CR269190","DBeef",78.836127
"Brazil","CR269191","DBeef",1.862868
"Brazil","CR269192","DBeef",7.969092
"Brazil","CR269193","DSoy",4.681512
"Brazil","CR269193","DOther",1.224913
"Brazil","CR269194","DSoy",21.771878
"Brazil","CR269194","DBeef",106.026293
"Brazil","CR269195","DSoy",136.062680
"Brazil","CR269195","DOther",0.420794
"Brazil","CR269196","DSoy",108.822148
"Brazil","CR269196","DBeef",2.969791
"Brazil","CR269197","DSoy",118.914412
"Brazil","CR269198","DSoy",252.186168
"Brazil","CR269198","DOther",0.104314
"Brazil","CR269199","DSoy",2.340747
"Brazil","CR269199","DBeef",57.958215
"Brazil","CR269200","DSoy",94.720124
"Brazil","CR269200","DOther",3.746766
"Brazil","CR269201","DSoy",0.000721
"Brazil","CR269201","DOther",2.228609
"Brazil","CR269202","DSoy",11.745976
"Brazil","CR269202","DOther",75.683574
"Brazil","CR269207","DSoy",56.461718
"Brazil","CR269208","DSoy",109.602671
"Brazil","CR269208","DBeef",31.120290
"Brazil","CR269209","DBeef",213.241736
"Brazil","CR269210","DSoy",45.600782
"Brazil","CR269210","DBeef",77.776489
"Brazil","CR269211","DBeef",15.486471
"Brazil","CR269212","DSoy",0.902341
"Brazil","CR269212","DBeef",44.880835
"Brazil","CR269213","DSoy",0.153398
"Brazil","CR269213","DBeef",12.731610
"Brazil","CR269215","DSoy",0.142385
"Brazil","CR269215","DOther",154.067974
"Brazil","CR270189","DBeef",15.074781
"Brazil","CR270190","DBeef",41.685769
"Brazil","CR270191","DBeef",2.196629
"Brazil","CR270192","DBeef",72.396233
"Brazil","CR270194","DSoy",19.884049
"Brazil","CR270194","DBeef",192.630119
"Brazil","CR270195","DBeef",169.488513
"Brazil","CR270196","DSoy",15.920931
"Brazil","CR270196","DBeef",200.614251
"Brazil","CR270197","DSoy",66.229293
"Brazil","CR270197","DBeef",175.477023
"Brazil","CR270199","DSoy",1.101052
"Brazil","CR270199","DOther",164.623237
"Brazil","CR270200","DSoy",40.572330
"Brazil","CR270200","DBeef",79.307520
"Brazil","CR270200","DOther",1.249117
"Brazil","CR270201","DSoy",8.613944
"Brazil","CR270201","DBeef",95.813056
"Brazil","CR270203","DSoy",12.743532
"Brazil","CR270203","DBeef",92.051813
"Brazil","CR270203","DOther",0.034885
"Brazil","CR270204","DSoy",33.646444
"Brazil","CR270204","DBeef",69.133708
"Brazil","CR270206","DSoy",43.012054
"Brazil","CR270206","DOther",0.042855
"Brazil","CR270207","DSoy",202.870616
"Brazil","CR270207","DOther",5.746987
"Brazil","CR270208","DSoy",212.432984
"Brazil","CR270208","DOther",0.140200
"Brazil","CR270209","DSoy",201.834444
"Brazil","CR270209","DOther",1.868647
"Brazil","CR270210","DOther",0.470890
"Brazil","CR270211","DSoy",12.233218
"Brazil","CR270211","DOther",0.057080
"Brazil","CR270214","DOther",73.864711
"Brazil","CR270217","DSoy",0.260955
"Brazil","CR271189","DBeef",14.849604
"Brazil","CR271190","DBeef",40.645867
"Brazil","CR271191","DBeef",57.435539
"Brazil","CR271192","DBeef",157.289722
"Brazil","CR271193","DSoy",0.558558
"Brazil","CR271193","DBeef",34.600344
"Brazil","CR271194","DSoy",200.911896
"Brazil","CR271194","DOther",1.950712
"Brazil","CR271195","DSoy",5.646470
"Brazil","CR271195","DBeef",179.285878
"Brazil","CR271196","DSoy",20.798581
"Brazil","CR271196","DBeef",197.976190
"Brazil","CR271196","DOther",0.108857
"Brazil","CR271197","DSoy",70.840616
"Brazil","CR271197","DOther",6.156936
"Brazil","CR271198","DSoy",48.083261
"Brazil","CR271198","DOther",6.453015
"Brazil","CR271199","DBeef",190.665191
"Brazil","CR271200","DSoy",145.333631
"Brazil","CR271200","DOther",6.120101
"Brazil","CR271201","DSoy",0.991251
"Brazil","CR271201","DBeef",24.355872
"Brazil","CR271202","DSoy",0.108509
"Brazil","CR271203","DSoy",41.616860
"Brazil","CR271203","DBeef",111.175779
"Brazil","CR271204","DSoy",51.946479
"Brazil","CR271204","DBeef",74.351199
"Brazil","CR271205","DSoy",115.887320
"Brazil","CR271206","DSoy",45.944703
"Brazil","CR271207","DSoy",146.862480
"Brazil","CR271208","DSoy",234.055764
"Brazil","CR271208","DOther",0.365253
"Brazil","CR271209","DSoy",22.357235
"Brazil","CR271214","DSoy",0.046561
"Brazil","CR271214","DOther",24.307130
"Brazil","CR271215","DSoy",0.054140
"Brazil","CR271215","DBeef",90.747446
"Brazil","CR272187","DBeef",21.398875
"Brazil","CR272188","DBeef",123.919160
"Brazil","CR272189","DBeef",120.163526
"Brazil","CR272190","DBeef",138.359710
"Brazil","CR272191","DBeef",130.013713
"Brazil","CR272192","DBeef",116.795407
"Brazil","CR272193","DSoy",42.611007
"Brazil","CR272193","DOther",3.003707
"Brazil","CR272194","DSoy",104.761299
"Brazil","CR272194","DOther",2.451764
"Brazil","CR272195","DSoy",22.057038
"Brazil","CR272195","DOther",0.256148
"Brazil","CR272196","DSoy",231.086334
"Brazil","CR272196","DOther",2.211116
"Brazil","CR272197","DSoy",169.273835
"Brazil","CR272197","DOther",1.454322
"Brazil","CR272198","DSoy",35.113097
"Brazil","CR272198","DBeef",105.765682
"Brazil","CR272198","DOther",3.334900
"Brazil","CR272199","DSoy",12.900416
"Brazil","CR272199","DBeef",79.775235
"Brazil","CR272199","DOther",0.808454
"Brazil","CR272200","DOther",6.371861
"Brazil","CR272201","DBeef",26.732388
"Brazil","CR272202","DBeef",56.438173
"Brazil","CR272203","DBeef",9.810225
"Brazil","CR272204","DBeef",27.053997
"Brazil","CR272205","DSoy",38.245050
"Brazil","CR272205","DBeef",112.587225
"Brazil","CR272206","DSoy",3.216998
"Brazil","CR272206","DBeef",142.758240
"Brazil","CR272207","DSoy",27.324497
"Brazil","CR272210","DSoy",0.079999
"Brazil","CR272210","DBeef",43.218758
"Brazil","CR272211","DBeef",0.503728
"Brazil","CR272212","DBeef",109.106473
"Brazil","CR272216","DBeef",77.030193
"Brazil","CR273187","DBeef",5.565075
"Brazil","CR273188","DBeef",143.800190
"Brazil","CR273189","DOther",4.396618
"Brazil","CR273190","DBeef",87.491644
"Brazil","CR273191","DBeef",147.740069
"Brazil","CR273192","DBeef",129.509117
"Brazil","CR273192","DOther",0.368301
"Brazil","CR273193","DSoy",0.151977
"Brazil","CR273193","DOther",2.506850
"Brazil","CR273194","DSoy",0.065533
"Brazil","CR273194","DBeef",113.635484
"Brazil","CR273195","DSoy",11.986033
"Brazil","CR273195","DOther",1.428883
"Brazil","CR273196","DSoy",1.525347
"Brazil","CR273196","DBeef",167.855828
"Brazil","CR273197","DBeef",98.396708
"Brazil","CR273198","DBeef",36.111045
"Brazil","CR273202","DBeef",15.180779
"Brazil","CR273202","DOther",5.338638
"Brazil","CR273203","DBeef",12.990059
"Brazil","CR273204","DBeef",2.343350
"Brazil","CR273205","DBeef",13.779992
"Brazil","CR273206","DBeef",3.336831
"Brazil","CR273207","DBeef",106.851297
"Brazil","CR273211","DBeef",17.240231
"Brazil","CR273215","DOther",85.490667
"Brazil","CR273216","DBeef",12.656262
"Brazil","CR273216","DOther",28.548673
"Brazil","CR273217","DBeef",65.793942
"Brazil","CR274187","DSoy",1.137637
"Brazil","CR274187","DOther",2.814204
"Brazil","CR274188","DSoy",17.146673
"Brazil","CR274188","DOther",33.744469
"Brazil","CR274190","DOther",2.202879
"Brazil","CR274191","DOther",0.691977
"Brazil","CR274192","DBeef",98.569619
"Brazil","CR274194","DBeef",128.648755
"Brazil","CR274195","DBeef",75.588115
"Brazil","CR274199","DBeef",18.456276
"Brazil","CR274200","DBeef",89.266358
"Brazil","CR274203","DBeef",15.337060
"Brazil","CR274204","DBeef",4.026766
"Brazil","CR274205","DBeef",77.155887
"Brazil","CR274206","DBeef",92.149370
"Brazil","CR274207","DBeef",94.740909
"Brazil","CR274208","DBeef",78.906857
"Brazil","CR274210","DBeef",75.880902
"Brazil","CR274214","DBeef",9.406133
"Brazil","CR274214","DOther",0.371897
"Brazil","CR274215","DBeef",14.651543
"Brazil","CR274216","DBeef",6.716502
"Brazil","CR274216","DOther",3.044600
"Brazil","CR275187","DSoy",0.907231
"Brazil","CR275187","DOther",29.770774
"Brazil","CR275188","DSoy",10.455212
"Brazil","CR275188","DOther",42.902053
"Brazil","CR275189","DOther",2.483769
"Brazil","CR275190","DBeef",99.934890
"Brazil","CR275191","DBeef",115.879678
"Brazil","CR275192","DBeef",9.957203
"Brazil","CR275193","DOther",4.046661
"Brazil","CR275194","DBeef",42.806501
"Brazil","CR275195","DBeef",18.603921
"Brazil","CR275196","DBeef",51.478936
"Brazil","CR275198","DBeef",12.154942
"Brazil","CR275199","DBeef",34.724978
"Brazil","CR275200","DBeef",89.230664
"Brazil","CR275203","DOther",7.100362
"Brazil","CR275207","DBeef",120.182850
"Brazil","CR275208","DBeef",17.651817
"Brazil","CR275211","DBeef",96.637995
"Brazil","CR275214","DBeef",16.667155
"Brazil","CR275215","DBeef",36.353130
"Brazil","CR275216","DOther",105.970648
"Brazil","CR276187","DOther",17.420093
"Brazil","CR276188","DOther",6.133374
"Brazil","CR276189","DOther",13.618531
"Brazil","CR276193","DOther",1.332139
"Brazil","CR276194","DBeef",21.640330
"Brazil","CR276195","DBeef",20.356650
"Brazil","CR276197","DBeef",21.040272
"Brazil","CR276198","DBeef",56.494706
"Brazil","CR276199","DBeef",19.679253
"Brazil","CR276203","DBeef",120.415573
"Brazil","CR276206","DBeef",95.922390
"Brazil","CR276207","DBeef",83.115878
"Brazil","CR276208","DBeef",0.267817
"Brazil","CR276209","DBeef",41.495229
"Brazil","CR276210","DBeef",50.609749
"Brazil","CR277190","DOther",6.469859
"Brazil","CR277191","DOther",4.849821
"Brazil","CR277192","DBeef",65.234507
"Brazil","CR277193","DBeef",31.233494
"Brazil","CR277193","DOther",1.959315
"Brazil","CR277194","DBeef",65.998047
"Brazil","CR277195","DBeef",123.119319
"Brazil","CR277196","DBeef",26.829132
"Brazil","CR277197","DBeef",12.580716
"Brazil","CR277199","DBeef",11.516750
"Brazil","CR277201","DBeef",175.828581
"Brazil","CR277202","DBeef",143.877994
"Brazil","CR277204","DBeef",44.339046
"Brazil","CR277207","DBeef",17.029322
"Brazil","CR277210","DBeef",82.630175
"Brazil","CR278191","DBeef",110.814351
"Brazil","CR278192","DBeef",14.691339
"Brazil","CR278193","DBeef",100.266512
"Brazil","CR278194","DBeef",114.522123
"Brazil","CR278195","DBeef",45.830897
"Brazil","CR278196","DBeef",118.195135
"Brazil","CR278197","DBeef",139.811715
"Brazil","CR278198","DBeef",23.159047
"Brazil","CR278201","DBeef",4.594223
"Brazil","CR278202","DBeef",125.273441
"Brazil","CR278204","DBeef",0.180841
"Brazil","CR278205","DOther",3.697596
"Brazil","CR278207","DBeef",41.761670
"Brazil","CR278210","DBeef",21.318441
"Brazil","CR279186","DBeef",7.659628
"Brazil","CR279189","DBeef",8.168146
"Brazil","CR279189","DOther",0.352544
"Brazil","CR279193","DBeef",5.760378
"Brazil","CR279194","DBeef",33.343207
"Brazil","CR279196","DBeef",6.578020
"Brazil","CR279197","DBeef",119.267347
"Brazil","CR279198","DBeef",16.465598
"Brazil","CR279200","DBeef",87.575742
"Brazil","CR279202","DBeef",106.004980
"Brazil","CR279203","DBeef",7.388939
"Brazil","CR279203","DOther",0.767720
"Brazil","CR279206","DBeef",12.017023
"Brazil","CR280186","DBeef",5.959466
"Brazil","CR280190","DBeef",54.565130
"Brazil","CR280191","DBeef",0.464419
"Brazil","CR280196","DBeef",20.651691
"Brazil","CR280197","DBeef",37.047823
"Brazil","CR280198","DBeef",60.811793
"Brazil","CR280199","DBeef",43.339224
"Brazil","CR280200","DBeef",58.204683
"Brazil","CR280202","DOther",1.913358
"Brazil","CR281188","DBeef",21.396531
"Brazil","CR281188","DOther",2.253087
"Brazil","CR281190","DBeef",0.218060
"Brazil","CR281193","DBeef",134.363243
"Brazil","CR281193","DOther",2.356766
"Brazil","CR281194","DBeef",42.442212
"Brazil","CR281195","DBeef",0.446588
"Brazil","CR281196","DBeef",60.772703
"Brazil","CR281198","DBeef",106.161206
"Brazil","CR281199","DBeef",14.801585
"Brazil","CR281200","DBeef",13.105562
"Brazil","CR281201","DBeef",110.674010
"Brazil","CR281201","DOther",2.882702
"Brazil","CR281204","DBeef",4.205997
"Brazil","CR281205","DBeef",1.099485
"Brazil","CR282188","DBeef",3.177244
"Brazil","CR282189","DBeef",62.776028
"Brazil","CR282190","DBeef",110.405206
"Brazil","CR282190","DOther",0.065593
"Brazil","CR282191","DBeef",65.519452
"Brazil","CR282192","DBeef",38.681578
"Brazil","CR282193","DBeef",65.604783
"Brazil","CR282194","DBeef",108.664966
"Brazil","CR282195","DBeef",15.338647
"Brazil","CR282196","DBeef",0.799876
"Brazil","CR282197","DBeef",18.292756
"Brazil","CR282198","DBeef",17.937368
"Brazil","CR282200","DBeef",8.542011
"Brazil","CR282201","DBeef",24.807236
"Brazil","CR282204","DBeef",10.306240
"Brazil","CR283188","DBeef",27.222299
"Brazil","CR283189","DOther",9.592097
"Brazil","CR283190","DBeef",105.158424
"Brazil","CR283190","DOther",0.275397
"Brazil","CR283193","DBeef",0.189910
"Brazil","CR283198","DBeef",9.974477
"Brazil","CR283199","DBeef",73.142651
"Brazil","CR283200","DBeef",4.359459
"Brazil","CR283201","DBeef",96.875362
"Brazil","CR284190","DBeef",103.118495
"Brazil","CR284191","DBeef",62.996944
"Brazil","CR284193","DBeef",0.064961
"Brazil","CR284194","DBeef",59.188769
"Brazil","CR284195","DOther",0.849493
"Brazil","CR284196","DOther",1.438823
"Brazil","CR284197","DBeef",23.337354
"Brazil","CR284198","DBeef",2.278561
"Brazil","CR284201","DBeef",13.687313
"Brazil","CR285190","DBeef",28.227626
"Brazil","CR285191","DBeef",137.838918
"Brazil","CR285192","DBeef",85.603496
"Brazil","CR285193","DBeef",30.287993
"Brazil","CR285193","DOther",0.308445
"Brazil","CR285194","DBeef",119.621993
"Brazil","CR285197","DBeef",4.267157
"Brazil","CR285201","DBeef",1.943272
"Brazil","CR286190","DBeef",28.982232
"Brazil","CR286191","DBeef",47.151165
"Brazil","CR286192","DBeef",0.598270
"Brazil","CR286196","DBeef",52.822217
"Brazil","CR286197","DBeef",79.171762
"Brazil","CR287191","DBeef",88.191802
"Brazil","CR287196","DBeef",108.980986
"Brazil","CR287197","DBeef",50.710046
"Brazil","CR287198","DBeef",14.823012
"Brazil","CR287200","DBeef",7.367413
"Brazil","CR288191","DBeef",77.358806
"Brazil","CR288194","DBeef",102.827858
"Brazil","CR288195","DBeef",37.398389
"Brazil","CR288196","DBeef",116.384839
"Brazil","CR288197","DBeef",38.758528
"Brazil","CR289192","DBeef",58.220371
"Brazil","CR289193","DBeef",44.957680
"Brazil","CR289194","DBeef",18.594835
"Brazil","CR289195","DBeef",3.503138
"Brazil","CR289196","DBeef",8.569786
"Brazil","CR213194","DOther",0.072190
"Brazil","CR213195","DBeef",11.576185
"Brazil","CR214194","DOther",0.085434
"Brazil","CR214195","DBeef",132.820250
"Brazil","CR214196","DBeef",44.390276
"Brazil","CR215191","DOther",0.015117
"Brazil","CR215195","DBeef",154.089493
"Brazil","CR215197","DBeef",88.849358
"Brazil","CR215198","DBeef",125.580934
"Brazil","CR216190","DOther",0.036559
"Brazil","CR216191","DOther",0.083674
"Brazil","CR216195","DBeef",24.570067
"Brazil","CR216196","DBeef",48.772661
"Brazil","CR216198","DBeef",2.206353
"Brazil","CR217191","DOther",0.091399
"Brazil","CR217194","DOther",0.069927
"Brazil","CR217195","DBeef",69.177688
"Brazil","CR217196","DBeef",21.651293
"Brazil","CR217197","DBeef",0.516006
"Brazil","CR217198","DBeef",41.746541
"Brazil","CR217199","DBeef",33.882836
"Brazil","CR218194","DBeef",18.644505
"Brazil","CR218195","DBeef",12.824262
"Brazil","CR218197","DBeef",87.014196
"Brazil","CR218198","DBeef",38.277510
"Brazil","CR218199","DBeef",34.307951
"Brazil","CR219190","DOther",0.087556
"Brazil","CR219194","DBeef",17.359942
"Brazil","CR219194","DOther",1.203203
"Brazil","CR219196","DBeef",20.406048
"Brazil","CR219198","DBeef",33.636764
"Brazil","CR219199","DBeef",40.779535
"Brazil","CR219200","DBeef",8.272142
"Brazil","CR220180","DOther",0.010178
"Brazil","CR220190","DOther",1.511309
"Brazil","CR220194","DBeef",25.733169
"Brazil","CR220195","DBeef",19.492530
"Brazil","CR220196","DBeef",7.159804
"Brazil","CR220198","DBeef",9.761178
"Brazil","CR220199","DBeef",80.283999
"Brazil","CR220200","DBeef",1.846619
"Brazil","CR220201","DBeef",0.982355
"Brazil","CR221185","DOther",0.015268
"Brazil","CR221186","DOther",0.258338
"Brazil","CR221187","DOther",0.458039
"Brazil","CR221190","DOther",2.799114
"Brazil","CR221191","DOther",1.517934
"Brazil","CR221193","DOther",0.773425
"Brazil","CR221194","DBeef",107.689646
"Brazil","CR221195","DBeef",4.478749
"Brazil","CR221201","DBeef",0.649936
"Brazil","CR221202","DBeef",12.198684
"Brazil","CR222183","DOther",0.005089
"Brazil","CR222184","DOther",0.001807
"Brazil","CR222185","DOther",0.015268
"Brazil","CR222186","DOther",0.463965
"Brazil","CR222187","DOther",1.221432
"Brazil","CR222188","DBeef",44.285809
"Brazil","CR222189","DOther",1.318419
"Brazil","CR222190","DOther",1.523023
"Brazil","CR222191","DOther",0.513002
"Brazil","CR222193","DOther",0.567225
"Brazil","CR222194","DBeef",18.502536
"Brazil","CR223183","DOther",0.010178
"Brazil","CR223185","DOther",0.010178
"Brazil","CR223186","DBeef",8.092427
"Brazil","CR223187","DBeef",126.152347
"Brazil","CR223188","DOther",1.000578
"Brazil","CR223189","DOther",0.795600
"Brazil","CR223190","DOther",0.636824
"Brazil","CR223193","DOther",0.450580
"Brazil","CR223195","DOther",0.030694
"Brazil","CR223196","DOther",0.025719
"Brazil","CR223200","DBeef",39.789394
"Brazil","CR223201","DBeef",15.907175
"Brazil","CR224183","DOther",0.087179
"Brazil","CR224184","DOther",0.002609
"Brazil","CR224185","DOther",0.010178
"Brazil","CR224186","DOther",0.207525
"Brazil","CR224187","DBeef",62.670571
"Brazil","CR224188","DOther",0.850574
"Brazil","CR224189","DOther",0.332109
"Brazil","CR224190","DOther",0.449754
"Brazil","CR224192","DOther",0.895492
"Brazil","CR224194","DBeef",0.076313
"Brazil","CR224194","DOther",0.177974
"Brazil","CR224195","DBeef",0.369660
"Brazil","CR224196","DBeef",0.210022
"Brazil","CR225182","DOther",0.270394
"Brazil","CR225183","DOther",0.251360
"Brazil","CR225184","DBeef",0.000483
"Brazil","CR225185","DOther",0.012416
"Brazil","CR225186","DBeef",25.090718
"Brazil","CR225188","DOther",0.113593
"Brazil","CR225189","DOther",0.113518
"Brazil","CR225190","DOther",0.253608
"Brazil","CR225195","DOther",0.228599
"Brazil","CR225196","DOther",0.223963
"Brazil","CR226183","DOther",0.199144
"Brazil","CR226188","DOther",0.110932
"Brazil","CR226189","DOther",0.104804
"Brazil","CR226190","DOther",0.151734
"Brazil","CR226191","DBeef",57.707597
"Brazil","CR226192","DOther",0.283342
"Brazil","CR226193","DOther",0.104173
"Brazil","CR226194","DOther",0.210848
"Brazil","CR226195","DOther",0.063617
"Brazil","CR227182","DOther",0.220163
"Brazil","CR227183","DOther",0.157769
"Brazil","CR227184","DOther",0.016742
"Brazil","CR227185","DBeef",3.901201
"Brazil","CR227186","DBeef",112.089697
"Brazil","CR227187","DOther",0.121649
"Brazil","CR227188","DOther",0.043165
"Brazil","CR227189","DBeef",25.656477
"Brazil","CR227191","DOther",3.616884
"Brazil","CR227192","DOther",0.250881
"Brazil","CR227193","DOther",0.116741
"Brazil","CR227194","DOther",0.245929
"Brazil","CR227195","DOther",0.084342
"Brazil","CR228179","DOther",0.019729
"Brazil","CR228181","DBeef",0.182050
"Brazil","CR228182","DOther",0.162857
"Brazil","CR228183","DOther",0.142499
"Brazil","CR228186","DBeef",28.216335
"Brazil","CR228187","DBeef",53.126042
"Brazil","CR228189","DOther",0.532643
"Brazil","CR228190","DOther",3.566829
"Brazil","CR228191","DOther",5.507282
"Brazil","CR228192","DOther",0.124179
"Brazil","CR228193","DOther",0.124179
"Brazil","CR228194","DOther",0.131967
"Brazil","CR228195","DOther",0.048359
"Brazil","CR228198","DOther",0.046418
"Brazil","CR228199","DBeef",1.845216
"Brazil","CR228200","DBeef",33.482893
"Brazil","CR229179","DOther",0.122143
"Brazil","CR229183","DOther",0.152679
"Brazil","CR229184","DOther",0.570663
"Brazil","CR229186","DBeef",54.929945
"Brazil","CR229187","DOther",0.178473
"Brazil","CR229188","DOther",1.018116
"Brazil","CR229189","DOther",1.169774
"Brazil","CR229190","DOther",6.633542
"Brazil","CR229191","DOther",2.886122
"Brazil","CR229192","DOther",0.165669
"Brazil","CR229193","DOther",0.124179
"Brazil","CR229194","DOther",0.124179
"Brazil","CR229199","DBeef",4.712352
"Brazil","CR229200","DBeef",48.363929
"Brazil","CR230183","DOther",0.152679
"Brazil","CR230184","DOther",0.275169
"Brazil","CR230187","DBeef",134.154541
"Brazil","CR230188","DBeef",47.643887
"Brazil","CR230189","DOther",5.074412
"Brazil","CR230190","DOther",0.923804
"Brazil","CR230191","DOther",0.327837
"Brazil","CR230193","DOther",0.026400
"Brazil","CR230194","DOther",0.011892
"Brazil","CR230199","DBeef",2.455441
"Brazil","CR230200","DBeef",95.067551
"Brazil","CR230201","DBeef",30.495139
"Brazil","CR230204","DBeef",4.279815
